"9783030423308","A036312"
"9783030724603","A036313"
"9783030790790","A036314"
"9781526493545","A036315"
"9781032240084","A036316"
"9781108811965","A036317"
"9783030759995","A036318"
"9789811505270","A036319"
"9789811619069","A036320"
"9781462548668","A036321"
"9780367755577","A036322"
"9781799889823","A036323"
"9781799877202","A036324"
"9781799882688","A036325"
"9781668446546","A036326"
"9781668446553","A036326"
"9781668446560","A036326"
"9781799880943","A036329"
"9781799872276","A036330"
"9780367417086","A036331"
"9780578815404","A036333"
"9780807766927","A036332"
"9783030837068","A036334"
"9781844646760","A036335"
"9781032036236","A036336"
"9783030808532","A036337"
"9783030893477","A036338"
"9783030547486","A036339"
"9780367637682","A036340"
"9781498597685","A036341"
"9783030887650","A036342"
"9783030514549","A036343"
"9783662629864","A036344"
"9783030408886","A036345"
"9780367243531","A036346"
"9781529219333","A036347"
"9781529732412","A036348"
"9781685073091","A036349"
"9781260460308","A036350"
"9789811537967","A036351"
"9781350225770","A036352"
"9789811655654","A036353"
"9783030792923","A036354"
"9781647398064","A036355"
"9781626250994","A036356"
"9781683734048","A036357"
"9780061733529","A036358"
"9781641522618","A036359"
"9780393711004","A036360"
"9781593859756","A036361"
"9780128098370","A036362"
"9781504949019","A036363"
"9781626253094","A036364"
"9789811181597","A036365"
"9780957213036","A036366"
"9780393712186","A036367"
"9781472135902","A036368"
"9781626259843","A036369"
"9781462525935","A036370"
"9781684033553","A036371"
"9781498788847","A036372"
"9783030536084","A036373"
"9780117092969","A036374"
"9780323874878","A036375"
"9781108850483","A036376"
"9783030717407","A036377"
"9781938870521","A036378"
"9781260462494","A036379"
"9781264258710","A036380"
"9783030898908","A036381"
"9783030185350","A036382"
"9781119747758","A036383"
"9783030745202","A036384"
"9780323793056","A036385"
"9783848786343","A036386"
"9781516712380","A036387"
"9781641057820","A036388"
"9780323696999","A036389"
"9783170398948","A036390"
"9781630918286","A036391"
"9781978823037","A036392"
"9781119680840","A036393"
"9780810136229","A036394"
